,F2,F4,F5,F9,F12,F13,F15,F17,F18,F20
0,1,22,22,49.895756,0.771761,0.018632,0.003923,0.486903,0.100025,0
1,1,24,22,57.709936,0.234185,0.003903,0.003903,0.520908,0.144414,0
2,1,60,59,55.831441,4.852282,1.393889,0.041817,0.530904,0.128548,1
3,1,53,53,40.467228,3.079428,0.840261,0.007653,0.483284,0.11479,0
4,1,44,44,18.026254,0.0,0.0,0.0,0.475935,0.123572,1
5,1,43,41,28.3564,0.323724,0.0,0.0,0.502831,0.126741,1
6,0,29,29,15.448398,0.0,0.0,0.0,0.541743,0.139575,1
7,1,6,6,20.679649,0.150382,0.0,0.0,0.576318,0.071071,0
8,1,21,18,66.691933,0.496372,0.0,0.0,0.500073,0.116793,1
9,1,75,73,22.141784,0.09978,0.023386,0.0,0.560959,0.109134,1
10,1,45,45,84.358401,1.974419,0.0,0.0,0.546008,0.112378,0
11,0,25,25,22.480047,0.116119,0.0,0.0,0.551682,0.139657,0
12,1,69,65,10.5601,0.287959,0.103985,0.0,0.534396,0.089587,1
13,1,43,39,23.012798,0.189235,0.011437,0.0,0.501554,0.138287,1
14,1,93,92,8.610822,0.066095,0.0,0.0,0.541277,0.124505,0
15,1,18,16,65.113664,0.673542,0.051811,0.000978,0.569458,0.089936,0
16,1,95,81,123.053484,19.937253,14.786668,2.34574,0.524461,0.134247,1
17,1,25,24,17.03406,0.484829,0.46779,0.188975,0.552002,0.108428,0
18,1,64,63,19.673459,0.080105,0.0,0.0,0.551182,0.098591,0
19,0,41,39,115.533777,2.276676,0.329396,0.118458,0.540472,0.104949,1
20,1,37,37,61.357614,1.204871,0.178499,0.0,0.478189,0.110793,0
21,1,17,15,179.703958,1.045157,0.023003,0.002,0.470425,0.094014,1
22,0,34,31,8.818234,1.524727,1.29287,0.0,0.538223,0.09827,1
23,1,10,9,72.938941,0.916265,0.040814,0.0,0.528929,0.108156,0
24,1,5,5,133.054234,0.169898,0.01794,0.003166,0.588627,0.109748,1
25,1,38,33,73.082699,5.437382,3.845287,0.518568,0.527112,0.105129,1
26,1,53,51,71.337302,3.956318,0.636703,0.0,0.540769,0.117329,0
27,1,98,68,298.06851,10.98918,6.124441,0.358444,0.556481,0.117421,1
28,1,45,45,35.173512,1.491918,0.371425,0.0,0.543355,0.11811,0
29,1,89,83,11.025085,0.010914,0.003118,0.001559,0.488566,0.134091,1
30,1,12,11,31.303995,0.008228,0.0,0.0,0.566789,0.096681,0
31,1,38,38,12.494963,0.0,0.0,0.0,0.561081,0.099592,1
32,1,98,77,199.429033,7.708971,0.242466,0.003122,0.49131,0.138403,1
33,1,9,9,196.172269,3.606006,0.05935,0.0,0.5215,0.108467,0
34,1,64,62,30.775909,0.932093,0.156114,0.0,0.471605,0.099484,1
35,0,30,30,5.16331,0.0,0.0,0.0,0.498254,0.125272,0
36,1,2,2,47.930183,0.198559,0.002068,0.0,0.519195,0.114792,1
37,1,68,67,25.33878,0.321211,0.061476,0.0,0.490344,0.115267,1
38,1,42,42,39.211044,0.584198,0.018209,0.00607,0.47098,0.121392,0
39,0,16,16,45.545822,1.672169,0.433024,0.029964,0.510826,0.123721,1
40,1,74,72,23.311611,0.273702,0.139197,0.0,0.533349,0.092277,1
41,1,5,5,69.552393,0.734306,0.0,0.0,0.502259,0.109015,0
42,1,43,42,173.757198,8.54797,3.135307,0.17138,0.520223,0.114604,1
43,1,12,11,2.126707,0.0,0.0,0.0,0.493133,0.135714,0
44,1,4,4,78.557051,0.346308,0.034114,0.0,0.506806,0.114747,0
45,1,35,34,20.993883,0.025879,0.0,0.0,0.520133,0.123305,1
46,1,62,60,42.140207,0.695383,0.137514,0.0,0.485808,0.087509,1
47,1,7,7,37.238886,0.078299,0.034375,0.005729,0.499921,0.148959,0
48,1,42,37,79.513425,0.420079,0.216964,0.144643,0.558575,0.166185,1
49,1,15,14,70.413923,1.598323,0.317158,0.005784,0.424173,0.120501,0
50,1,22,20,7.666737,0.0,0.0,0.0,0.528319,0.159822,0
51,1,33,33,4.645313,0.0,0.0,0.0,0.515357,0.099665,1
52,1,19,18,32.664999,0.413333,0.107486,0.003909,0.505168,0.104555,0
53,1,12,12,60.619638,0.420792,0.011826,0.0,0.507336,0.115299,0
54,1,48,45,26.347993,0.192468,0.0,0.0,0.557765,0.113308,1
55,1,97,89,46.898288,8.119854,5.258325,2.169764,0.511867,0.097517,1
56,1,19,19,70.192324,0.713671,0.394666,0.089976,0.518668,0.098155,1
57,1,15,14,120.037514,1.020974,0.007691,0.004807,0.514624,0.085562,0
58,1,55,46,6.960789,0.631409,0.201806,0.133009,0.522871,0.102432,1
59,0,7,7,172.825204,1.201699,0.012138,0.0,0.512196,0.142626,1
60,1,31,29,45.711634,0.575022,0.023916,0.0,0.488219,0.110221,1
61,1,24,23,96.599355,1.407478,0.005772,0.0,0.527487,0.105825,0
62,1,18,18,72.630707,1.824551,0.26608,0.0,0.553314,0.093488,1
63,1,14,14,125.731993,1.694859,0.00595,0.00595,0.55084,0.111073,0
64,1,87,73,145.799804,0.372636,0.004039,0.0,0.568974,0.064631,1
65,1,19,15,3.332213,0.0,0.0,0.0,0.519713,0.118736,1
66,1,60,58,32.028807,0.327146,0.023592,0.014155,0.575902,0.102233,0
67,1,55,54,41.15413,0.819687,0.004631,0.0,0.487138,0.120406,1
68,1,50,48,110.644051,1.497559,0.100604,0.003833,0.530484,0.10252,1
69,1,71,71,44.343736,0.811588,0.056873,0.0,0.534769,0.079929,0
70,1,65,65,11.103445,0.129273,0.076318,0.035823,0.543196,0.096565,1
71,1,16,16,54.483137,0.155942,0.01462,0.0,0.522769,0.081869,0
72,1,55,55,36.371217,0.15848,0.016762,0.0,0.525089,0.057906,1
73,1,62,61,42.595095,1.13136,0.498044,0.0,0.527952,0.086082,0
74,1,64,61,29.073507,1.196221,0.172195,0.006095,0.489025,0.091431,1
75,1,42,42,21.612661,0.274757,0.128841,0.066749,0.541183,0.099347,1
76,1,39,36,66.289899,1.64061,0.118617,0.010783,0.502645,0.09551,0
77,1,24,24,51.246256,0.523714,0.0,0.0,0.517687,0.149189,0
78,1,18,17,47.000422,1.600509,0.086458,0.0,0.532509,0.086458,0
79,1,34,28,80.102809,0.929973,0.25993,0.184839,0.515703,0.095308,1
80,1,83,81,40.186635,3.318716,1.325939,0.034038,0.478644,0.092831,1
81,1,17,17,22.690652,0.062406,0.013441,0.005761,0.499478,0.097929,0
82,1,54,54,14.512332,0.018588,0.0,0.0,0.491181,0.116173,1
83,1,56,46,247.798988,11.184719,3.642385,1.132445,0.489107,0.077165,1
84,1,33,27,13.273712,0.446046,0.192774,0.003076,0.574559,0.086133,1
85,1,51,51,22.951977,0.513135,0.054096,0.0,0.497064,0.100463,0
86,1,20,16,87.69468,1.653017,0.0,0.0,0.524302,0.086838,1
87,1,35,34,20.224045,0.083337,0.0,0.0,0.528512,0.100633,1
88,1,11,9,13.935559,1.027176,0.675558,0.333166,0.523698,0.108663,1
89,1,14,14,24.963152,0.0,0.0,0.0,0.518514,0.097993,1
90,1,34,33,64.555398,4.69705,2.101132,0.324978,0.568962,0.089784,0
91,1,74,69,31.73432,0.051806,0.0,0.0,0.490258,0.111231,1
92,1,62,62,42.29046,2.730872,0.40339,0.0,0.468996,0.097422,1
93,1,11,11,78.775093,0.512342,0.008165,0.0,0.540203,0.082669,0
94,1,40,34,123.298724,7.394719,4.346491,1.030547,0.528052,0.112668,1
95,1,29,27,90.97488,4.047519,0.751442,0.014812,0.487065,0.115531,0
96,1,57,56,52.80355,0.31165,0.017227,0.0,0.491265,0.076738,1
97,1,24,22,89.107549,1.666182,0.073661,0.0,0.505949,0.084035,0
98,1,48,48,30.842267,0.395917,0.036135,0.0,0.514957,0.102122,0
99,1,10,10,104.72803,0.373965,0.029167,0.0,0.563954,0.126044,1
100,1,41,40,29.989661,0.0,0.0,0.0,0.511867,0.139838,1
101,1,41,39,9.874715,0.0,0.0,0.0,0.488187,0.13616,1
102,1,19,16,121.84865,0.710916,0.0,0.0,0.52921,0.102545,1
103,1,13,13,71.506916,0.586822,0.013579,0.00388,0.488096,0.106695,0
104,1,12,11,147.830416,1.349072,0.026878,0.0,0.534103,0.135424,1
105,1,42,41,14.580941,0.004652,0.0,0.0,0.496263,0.105445,0
106,1,39,33,80.308142,16.094403,12.540772,5.228413,0.48357,0.098941,1
107,0,1,1,33.439499,0.044063,0.0,0.0,0.544443,0.139532,0
108,1,19,18,39.835403,0.186842,0.025302,0.003893,0.556415,0.111911,1
109,1,47,45,12.528883,0.021243,0.0,0.0,0.537362,0.121389,1
110,1,36,35,49.718087,1.281612,0.079621,0.003837,0.478831,0.099766,0
111,1,25,25,6.380293,0.0,0.0,0.0,0.5496,0.092023,0
112,1,52,52,75.983475,1.287803,0.093432,0.0,0.554139,0.118347,0
113,1,39,31,149.32625,10.571634,4.894521,1.403973,0.493849,0.090809,1
114,1,58,56,17.133907,0.126563,0.003087,0.0,0.534607,0.086434,1
115,1,5,5,34.651807,0.076804,0.0,0.0,0.553294,0.072708,0
116,1,41,40,6.090116,0.0,0.0,0.0,0.506881,0.091535,0
117,1,43,43,47.749076,0.436208,0.0,0.0,0.508396,0.117682,0
118,1,9,8,145.891998,0.954294,0.001045,0.0,0.532231,0.093025,1
119,1,76,74,56.752722,2.21651,0.183793,0.0,0.569042,0.12567,0
120,1,11,11,87.874152,1.240172,0.007041,0.0,0.523721,0.114663,1
121,1,10,10,67.106941,0.287858,0.004012,0.0,0.563733,0.079236,1
122,0,48,46,6.922057,1.039086,0.866424,0.0,0.539103,0.105775,1
123,1,36,36,37.667153,1.119578,0.113855,0.0,0.550092,0.113855,0
124,1,24,23,36.00019,0.023397,0.004069,0.001017,0.482327,0.090535,1
125,1,15,15,1.585571,0.0,0.0,0.0,0.492522,0.125055,0
126,0,50,49,13.388122,0.112208,0.0,0.0,0.497224,0.112208,0
127,1,84,79,30.126314,0.494274,0.082379,0.0,0.504351,0.08543,1
128,1,65,63,30.935658,0.720148,0.042994,0.0,0.563634,0.102878,1
129,1,110,93,189.370482,0.891073,0.008232,0.0,0.577045,0.131706,1
130,1,46,44,13.799567,0.0,0.0,0.0,0.53021,0.111967,1
131,1,15,14,46.8325,0.506774,0.124958,0.000992,0.57876,0.101157,0
132,1,60,60,42.261483,0.588095,0.098272,0.0,0.515133,0.075239,1
133,1,63,61,13.198181,0.10156,0.020004,0.003078,0.507123,0.090788,1
134,1,27,27,1.075534,0.0,0.0,0.0,0.525351,0.109842,1
135,1,13,13,65.162116,0.322866,0.002063,0.0,0.554298,0.096963,1
136,1,36,35,14.909042,0.056497,0.0,0.0,0.502927,0.116047,0
137,1,61,61,16.975008,0.045961,0.0,0.0,0.535399,0.09039,1
138,1,15,15,82.703077,0.312338,0.003856,0.003856,0.53348,0.095437,0
139,1,15,15,55.831567,0.08491,0.00488,0.00488,0.492876,0.121997,0
140,1,58,56,25.765382,0.099913,0.081468,0.03228,0.484986,0.136805,1
141,0,8,8,10.790814,0.001014,0.0,0.0,0.515916,0.107452,1
142,1,10,10,132.596385,5.086118,0.644187,0.0,0.483907,0.11332,0
143,1,39,39,34.151123,0.012256,0.0,0.0,0.534825,0.107239,0
144,1,45,41,88.802964,6.607696,1.177948,0.001554,0.53816,0.113444,0
145,1,88,76,32.458572,6.215227,4.342117,1.460568,0.506312,0.108345,1
146,1,18,18,61.851845,0.053433,0.0,0.0,0.567306,0.098646,0
147,1,62,59,34.562647,0.45433,0.011198,0.0,0.56334,0.089586,1
148,1,33,32,10.754434,0.0,0.0,0.0,0.548753,0.10254,1
149,1,29,23,180.58726,0.523459,0.0,0.0,0.537236,0.109657,1
150,1,33,32,3.889365,0.0,0.0,0.0,0.508808,0.111855,1
151,1,16,16,15.996582,0.09064,0.003899,0.003899,0.526985,0.124752,0
152,1,82,80,30.017629,0.26175,0.0,0.0,0.516769,0.100673,0
153,1,17,15,18.929229,0.175766,0.007071,0.0,0.56814,0.091924,0
154,1,24,20,24.694044,0.095217,0.0,0.0,0.533387,0.138924,1
155,1,53,51,23.318174,0.031116,0.0,0.0,0.539597,0.108905,1
156,1,11,10,146.106067,25.905498,16.272041,1.917904,0.478737,0.085831,1
157,1,45,45,28.5045,0.081556,0.0,0.0,0.512511,0.135413,1
158,1,43,42,11.866733,0.0,0.0,0.0,0.531574,0.120162,0
159,1,66,66,51.07008,4.437834,0.165425,0.001591,0.498413,0.082712,1
160,1,30,30,12.644209,0.055763,0.0,0.0,0.524292,0.100683,0
161,1,46,46,46.580741,0.564756,0.128424,0.060344,0.517175,0.095931,0
162,1,18,12,142.255388,1.830277,0.457057,0.143471,0.555026,0.111702,1
163,1,21,21,38.140539,1.396699,0.133067,0.0,0.567239,0.097515,0
164,1,79,75,26.921892,0.396069,0.044867,0.0,0.53427,0.123772,1
165,1,19,19,13.115054,0.050435,0.0,0.0,0.484477,0.109948,0
166,1,37,31,81.293263,1.092569,0.10313,0.021443,0.558357,0.108236,1
167,1,64,63,37.149264,1.369437,0.103441,0.0,0.512465,0.111161,0
168,1,3,3,99.23397,0.027372,0.0,0.0,0.503853,0.127735,0
169,1,12,12,18.033631,0.147435,0.00194,0.00194,0.495386,0.076627,1
170,1,13,13,55.860065,0.146944,0.0,0.0,0.523373,0.091475,0
171,1,48,45,26.347993,0.192468,0.0,0.0,0.557765,0.113308,1
172,1,40,40,23.47095,0.062342,0.001521,0.0,0.541021,0.127725,0
173,1,14,14,39.998599,0.131927,0.0,0.0,0.553831,0.083485,1
174,0,13,13,31.004416,0.047469,0.0,0.0,0.549666,0.133508,0
175,1,16,16,65.345655,1.800817,0.257115,0.0,0.480905,0.102239,1
176,1,70,69,29.93865,0.273904,0.0,0.0,0.477019,0.080017,1
177,0,7,7,67.629085,0.218568,0.032231,0.0,0.56638,0.111802,0
178,1,64,59,28.776051,0.400789,0.060584,0.0,0.534948,0.091653,1
179,0,57,57,11.452905,0.0,0.0,0.0,0.52301,0.102961,1
180,1,35,30,24.503211,0.358074,0.195595,0.008279,0.531819,0.109699,1
181,1,12,12,19.976287,0.120507,0.0,0.0,0.543085,0.081368,0
182,1,70,61,286.341351,5.687412,1.987205,0.05443,0.530448,0.11913,1
183,1,49,49,39.548732,1.279448,0.120493,0.0,0.499335,0.101468,0
184,1,63,63,13.976167,0.154502,0.044144,0.001577,0.529988,0.115089,1
185,1,22,19,198.533347,1.662264,0.120984,0.0,0.487285,0.095567,1
186,1,63,60,8.482082,0.356753,0.14878,0.035195,0.513141,0.121584,1
187,1,46,46,34.941411,0.516222,0.071525,0.0,0.512276,0.104177,0
188,1,82,76,54.290978,6.152664,2.523848,0.14283,0.511842,0.113008,1
189,1,55,48,65.725257,0.196002,0.012511,0.0,0.516642,0.094873,1
190,0,92,92,19.010348,0.028159,0.001564,0.0,0.573597,0.092298,1
191,1,35,30,168.777787,2.459469,0.19631,0.037635,0.535815,0.097646,1
192,1,43,43,18.779656,0.113751,0.0,0.0,0.551409,0.102991,0
193,1,38,38,20.353961,0.0,0.0,0.0,0.537429,0.123839,0
194,1,73,73,51.112703,0.255739,0.0,0.0,0.547192,0.082202,0
195,1,4,4,76.635253,0.668993,0.027081,0.0,0.47722,0.12437,0
196,1,67,64,32.804211,0.726225,0.212965,0.019918,0.517979,0.094991,1
197,1,45,42,33.32654,0.31563,0.006129,0.0,0.512577,0.104189,1
198,1,9,9,214.155464,1.748431,0.006078,0.0,0.480691,0.105352,0
199,1,23,22,7.982307,0.0,0.0,0.0,0.562744,0.116428,1
200,1,17,14,40.096656,0.25917,0.014514,0.0,0.537899,0.094338,0
201,1,37,37,52.567692,0.083551,0.0,0.0,0.521429,0.12378,0
202,1,45,43,128.096941,11.474921,1.442954,0.011186,0.516496,0.099073,1
203,1,49,49,110.505328,2.122308,0.41648,0.0,0.49997,0.09312,1
204,1,16,16,75.438535,0.206817,0.003884,0.000971,0.544614,0.089329,1
205,1,78,74,26.819742,0.371255,0.024648,0.0,0.501801,0.115536,1
206,1,11,10,44.440233,0.087179,0.001014,0.0,0.507466,0.085152,0
207,1,16,15,4.873041,0.0,0.0,0.0,0.538647,0.109718,0
208,1,75,69,32.993047,0.597789,0.195696,0.10855,0.519216,0.099377,1
209,1,47,46,19.975663,0.10618,0.006155,0.0,0.566063,0.086175,0
210,1,5,5,83.95543,0.333531,0.028386,0.0,0.474454,0.127735,0
211,1,56,53,15.255822,0.160064,0.0,0.0,0.480213,0.138308,1
212,1,16,16,213.445242,2.602162,0.387233,0.0,0.475218,0.115562,1
213,0,23,23,137.638753,2.491707,0.061221,0.0,0.539105,0.11632,1
214,1,16,16,8.596644,0.0,0.0,0.0,0.49489,0.143405,0
215,1,17,17,97.709759,0.603872,0.003822,0.003822,0.490026,0.114659,0
216,1,78,74,11.150209,0.732796,0.357693,0.254817,0.517034,0.120286,1
217,1,10,10,280.31585,0.400073,0.004135,0.0,0.489539,0.128189,0
218,1,68,63,49.202238,2.423481,0.273569,0.0,0.522219,0.112828,0
219,0,40,40,13.814489,0.053013,0.0,0.0,0.547083,0.126295,0
220,1,82,82,25.551502,0.358993,0.006298,0.0,0.53601,0.089748,0
221,1,26,24,60.562971,1.303629,0.18843,0.003846,0.544926,0.08364,0
222,1,1,1,60.057023,0.118427,0.0,0.0,0.571359,0.082695,0
223,1,35,33,245.337355,15.865128,2.259873,0.091008,0.489652,0.123731,1
224,1,84,83,42.540332,1.578991,0.186398,0.003081,0.525536,0.16021,1
225,1,42,39,90.583399,7.185051,1.694587,0.001541,0.544443,0.104756,0
226,1,15,15,21.417991,2.304558,1.74399,0.675949,0.502433,0.121507,1
227,1,58,58,25.569536,0.471916,0.021521,0.0,0.495732,0.132198,1
228,1,21,21,13.642698,0.01689,0.0,0.0,0.526838,0.092129,0
229,1,79,78,15.871188,0.06815,0.001549,0.0,0.567241,0.091383,1
230,1,12,12,13.366027,0.00415,0.0,0.0,0.540938,0.087156,0
231,1,15,15,63.916326,0.070338,0.002931,0.001954,0.527709,0.122114,0
232,1,66,59,161.899703,1.674972,0.181709,0.0,0.512019,0.125877,1
233,1,45,45,21.13614,0.019935,0.0,0.0,0.541036,0.107345,0
234,1,85,79,36.127779,8.234851,6.497264,3.411102,0.488193,0.123569,1
235,1,1,1,69.710838,0.467823,0.19423,0.005221,0.490024,0.136796,0
236,0,39,35,71.477402,0.599362,0.220501,0.116264,0.530954,0.111253,1
237,0,10,10,40.064967,0.543781,0.118801,0.001932,0.561407,0.12846,1
238,0,14,13,25.537754,0.0,0.0,0.0,0.534954,0.135112,1
239,1,13,11,114.978094,0.468778,0.006865,0.003923,0.57981,0.082379,0
240,1,48,48,34.032933,1.52491,0.328994,0.0,0.539868,0.106026,0
241,1,14,11,82.150661,7.740111,3.026501,0.510892,0.56816,0.103927,0
242,1,68,64,31.972796,0.775116,0.484073,0.20103,0.512147,0.091014,1
243,1,10,10,33.273921,0.117103,0.0,0.0,0.565969,0.120055,0
244,0,8,6,61.251046,0.131413,0.0,0.0,0.546974,0.105339,1
245,1,20,20,123.622304,3.043477,0.276494,0.017409,0.554011,0.121862,0
246,1,10,10,16.908632,0.008651,0.001922,0.001922,0.527185,0.09516,0
247,1,14,12,16.424917,1.510384,1.00726,0.109331,0.480712,0.08706,1
248,1,57,55,31.499303,0.924929,0.163038,0.02665,0.519667,0.125414,0
249,1,32,32,6.21601,0.0,0.0,0.0,0.534695,0.095512,0
250,1,50,50,9.302706,0.0,0.0,0.0,0.529951,0.10656,1
251,1,48,48,45.664014,0.34732,0.0,0.0,0.495989,0.116812,0
252,0,25,24,12.545788,0.003061,0.0,0.0,0.533689,0.079588,1
253,1,9,9,92.213462,0.081391,0.0,0.0,0.530446,0.092582,0
254,1,47,47,7.221695,0.0,0.0,0.0,0.535655,0.107603,1
255,1,14,13,201.129513,7.466452,0.746855,0.074476,0.579236,0.088112,1
256,1,59,58,12.724804,0.060212,0.004632,0.0,0.548012,0.098809,1
257,1,8,7,46.118586,0.344313,0.04189,0.0,0.435035,0.098083,0
258,1,3,3,69.116659,0.0,0.0,0.0,0.500302,0.115333,0
259,1,15,15,173.137429,2.536235,0.020797,0.00099,0.537942,0.098043,0
260,1,7,7,38.597451,0.368827,0.0,0.0,0.571082,0.111056,0
261,1,44,43,29.85053,0.04876,0.0,0.0,0.503121,0.131044,1
262,1,23,23,7.122302,0.211792,0.022463,0.0,0.559475,0.112314,0
263,1,13,11,4.652879,0.0,0.0,0.0,0.521034,0.122643,1
264,1,9,9,75.361889,0.081551,0.003838,0.003838,0.536065,0.110334,0
265,1,65,64,20.180284,0.020916,0.0,0.0,0.503109,0.090098,0
266,1,19,18,12.111622,0.0,0.0,0.0,0.538412,0.116428,0
267,1,28,27,6.957107,0.018425,0.0,0.0,0.559267,0.092127,0
268,0,1,1,100.547233,0.008203,0.0,0.0,0.488253,0.122025,0
269,1,64,64,19.022457,0.627333,0.148781,0.001534,0.496338,0.115037,1
270,1,19,16,16.862198,0.019876,0.003975,0.003975,0.555834,0.086463,1
271,1,100,100,22.991284,0.713267,0.253194,0.0,0.535731,0.092632,1
272,0,13,13,81.194306,4.238625,0.410513,0.002007,0.502879,0.106392,0
273,1,48,48,57.996712,7.247845,2.499684,0.058926,0.548973,0.088388,0
274,1,28,27,30.105537,0.433713,0.019493,0.0,0.563715,0.081869,0
275,1,83,79,63.055363,1.898702,0.352789,0.0,0.55884,0.089333,1
276,0,45,45,23.735891,0.038346,0.006135,0.001534,0.496679,0.107368,1
277,1,36,31,136.329738,3.590284,2.15805,0.0,0.550368,0.130667,1
278,0,5,4,46.986497,0.011128,0.0,0.0,0.526457,0.110264,1
279,1,15,14,110.744848,1.534707,0.073311,0.001929,0.474601,0.090674,1
280,1,114,98,22.74796,1.642891,0.796506,0.483203,0.537198,0.149637,1
281,1,54,54,27.580116,0.218025,0.0,0.0,0.509329,0.093439,0
282,0,8,8,168.58819,1.025477,0.084072,0.001038,0.510727,0.097566,1
283,1,74,72,39.947551,2.175708,0.419601,0.023311,0.5458,0.099461,1
284,1,11,10,35.081379,0.078546,0.0,0.0,0.550612,0.130582,0
285,1,11,11,88.00506,0.408434,0.009377,0.0,0.528595,0.084396,0
286,1,53,50,44.194037,1.260828,0.178127,0.0,0.534237,0.13011,0
287,1,80,69,127.089284,3.147662,0.818002,0.0,0.529809,0.155174,1
288,1,82,75,101.760123,6.712149,3.332214,1.076849,0.51934,0.113079,1
289,1,75,71,41.307004,0.680928,0.114798,0.00629,0.547837,0.114798,1
290,1,55,54,29.159588,0.132522,0.006464,0.0,0.578482,0.11636,1
291,1,77,64,157.894855,8.318595,2.698852,0.646307,0.511747,0.118837,1
292,1,5,5,98.774489,0.361858,0.005868,0.000978,0.515585,0.096821,0
293,1,39,37,15.432984,0.262921,0.059118,0.0,0.517661,0.121348,0
294,1,12,11,149.40152,0.35611,0.007163,0.0,0.542723,0.11154,1
295,1,56,55,53.586887,4.328319,0.928482,0.0,0.472707,0.116443,0
296,1,10,10,120.601157,1.798274,0.0,0.0,0.544748,0.106276,0
297,1,74,71,31.127971,0.29781,0.013745,0.0,0.482665,0.116069,0
298,1,47,46,40.159774,1.591136,0.393589,0.0,0.552746,0.114415,1
299,1,15,15,59.500417,0.330821,0.022248,0.001935,0.545573,0.108339,0
300,1,17,16,76.409962,1.891225,0.073248,0.0,0.540231,0.110889,1
301,1,40,34,92.151868,4.764972,0.804596,0.049261,0.522945,0.103653,1
302,1,3,3,5.145048,0.004807,0.001923,0.001923,0.511339,0.127857,1
303,1,16,15,82.30182,0.423854,0.022462,0.001953,0.524556,0.122078,0
304,1,56,55,35.972075,1.727362,0.36679,0.0,0.504158,0.089346,1
305,1,20,19,118.890171,1.217438,0.016478,0.005816,0.500901,0.106623,0
306,1,9,9,109.594258,0.806779,0.020767,0.0,0.585219,0.089296,0
307,1,77,75,9.980567,0.497936,0.188872,0.109265,0.575965,0.109265,1
308,1,55,55,44.636163,0.993868,0.007989,0.0,0.574521,0.086284,0
309,1,13,12,12.890678,0.172872,0.137052,0.0,0.533128,0.091887,0
310,1,15,15,119.14473,0.78053,0.003947,0.003947,0.499493,0.113478,0
311,1,39,35,131.124105,23.236782,19.666215,0.008173,0.516065,0.098076,1
312,1,66,58,16.997662,1.712485,1.22342,0.75101,0.513925,0.154442,1
313,1,52,49,33.363123,0.960056,0.142987,0.078564,0.52953,0.119418,1
314,1,26,22,138.630709,2.438363,0.102125,0.005836,0.47998,0.094344,1
315,1,18,16,54.150892,0.325005,0.00488,0.003904,0.528692,0.072223,1
316,1,12,12,13.369545,0.101822,0.006171,0.0,0.578226,0.098737,1
317,1,22,21,240.040363,1.913008,0.05311,0.0,0.544641,0.131213,1
318,1,77,75,46.139114,0.92695,0.150151,0.016854,0.492437,0.124104,1
319,1,47,46,35.941186,0.0,0.0,0.0,0.525926,0.102988,1
320,1,52,50,26.32368,0.326559,0.047085,0.010632,0.500931,0.145812,0
321,1,67,64,9.698962,0.050018,0.001516,0.0,0.503358,0.101552,1
322,1,8,7,201.313182,0.360191,0.005116,0.0,0.526042,0.118699,1
323,1,49,48,23.697108,0.3508,0.003146,0.0,0.580233,0.094386,1
324,1,30,25,88.279053,2.828181,1.15802,0.628254,0.557454,0.089158,1
325,1,47,47,11.077994,0.027282,0.0,0.0,0.504625,0.10155,0
326,1,8,7,120.881753,0.466805,0.007862,0.004914,0.536556,0.110068,0
327,1,44,43,38.35284,2.223845,0.41485,0.004627,0.536863,0.092532,0
328,1,44,44,25.281979,0.18539,0.0,0.0,0.500516,0.144022,0
329,0,26,26,3.123255,0.0,0.0,0.0,0.52396,0.123166,0
330,1,49,49,62.496595,1.937493,0.085661,0.0,0.545114,0.084103,0
331,1,11,10,36.46016,0.0,0.0,0.0,0.508996,0.127779,0
332,1,117,107,57.818781,4.493409,2.128214,0.655545,0.535003,0.124646,1
333,1,7,7,116.423002,1.859262,0.51884,0.142706,0.567837,0.085624,1
334,1,59,59,18.05066,0.0,0.0,0.0,0.513586,0.098916,1
335,1,9,9,71.803252,0.372094,0.007917,0.005938,0.492467,0.091044,0
336,1,53,53,28.651695,0.954853,0.205919,0.149482,0.522383,0.111349,0
337,1,54,43,148.626224,3.779371,2.191994,0.36277,0.509626,0.139369,1
338,1,20,19,174.357817,2.112916,0.051882,0.004069,0.482279,0.087487,0
339,1,131,120,45.003816,5.526918,3.618145,0.715409,0.502597,0.114161,1
340,1,13,11,4.563913,0.0,0.0,0.0,0.541518,0.107603,1
341,1,74,68,21.601638,0.083374,0.0,0.0,0.518083,0.12742,1
342,1,16,13,78.342678,0.684634,0.1355,0.019357,0.490538,0.102899,1
343,1,44,43,61.603345,0.747636,0.044429,0.0,0.487047,0.136352,1
344,1,34,32,127.52255,6.027092,1.171908,0.042127,0.471936,0.116808,0
345,0,68,66,8.488283,0.001554,0.0,0.0,0.492653,0.121195,1
346,1,15,13,37.273127,0.472925,0.015634,0.003908,0.5186,0.096735,1
347,1,66,64,56.383175,3.098299,0.186607,0.0,0.497818,0.087906,0
348,1,14,14,110.695427,0.164669,0.0,0.0,0.5606,0.101889,0
349,1,71,70,21.87544,0.882893,0.120324,0.0,0.569062,0.089071,0
350,1,44,42,172.452792,5.71094,1.640322,0.180098,0.52891,0.121771,1
351,1,63,62,36.206197,0.173133,0.0,0.0,0.568353,0.087332,0
352,1,45,41,59.436927,1.287069,0.094251,0.001545,0.489043,0.103522,1
353,1,17,17,134.989399,3.784088,0.014539,0.0,0.523738,0.118253,0
354,1,47,47,16.554713,0.0,0.0,0.0,0.486102,0.127589,1
355,0,4,4,10.541363,0.006849,0.000978,0.000978,0.538554,0.112517,1
356,1,13,13,39.305552,0.11809,0.001952,0.0,0.577617,0.096619,0
357,1,20,19,188.610073,4.185967,0.083538,0.002013,0.507012,0.086558,0
358,1,39,39,32.011792,0.078653,0.009253,0.0,0.534208,0.128004,0
359,1,54,52,44.10434,2.23482,0.154919,0.001534,0.516035,0.115039,0
360,1,34,33,62.703952,0.972262,0.083736,0.0,0.489035,0.116299,1
361,1,57,56,11.14365,0.0,0.0,0.0,0.520081,0.113912,1
362,1,20,20,166.947109,6.997411,0.814788,0.002034,0.475679,0.123083,1
363,1,15,15,181.367457,3.296295,0.003851,0.003851,0.529417,0.107823,0
364,1,45,44,56.888723,4.446227,2.995735,1.392029,0.516385,0.096767,1
365,1,12,11,42.254569,0.026965,0.0,0.0,0.542699,0.121843,0
366,1,22,21,43.875057,0.585285,0.047561,0.0,0.551028,0.099004,1
367,1,7,7,87.92905,1.776271,0.061394,0.0,0.494013,0.123829,1
368,1,56,51,14.646636,0.530709,0.148782,0.070557,0.526053,0.115038,1
369,1,5,5,248.681883,0.484954,0.052867,0.0,0.534862,0.110818,1
370,1,14,13,41.058416,0.664028,0.08131,0.002904,0.53336,0.098733,0
371,1,35,35,34.068953,0.326808,0.067194,0.0,0.536133,0.131334,0
372,1,16,16,92.843775,1.259483,0.198051,0.030946,0.535544,0.114498,1
373,1,38,37,45.617533,0.471394,0.043705,0.0,0.54268,0.096776,0
374,1,22,22,160.092663,3.135309,0.136362,0.00202,0.514302,0.107069,0
375,1,53,43,121.442601,4.092002,0.111685,0.0,0.569875,0.135469,1
376,1,70,70,54.5364,2.131789,0.041926,0.0,0.550484,0.09514,0
377,1,37,37,65.545948,0.740667,0.054691,0.0,0.468615,0.109381,0
378,1,71,70,48.461622,0.659769,0.0,0.0,0.555501,0.102107,0
379,1,44,44,15.728245,0.0,0.0,0.0,0.543374,0.107717,0
380,1,52,47,156.914162,14.090724,1.733747,0.284254,0.47784,0.124991,1
381,1,45,44,20.348368,0.0,0.0,0.0,0.489307,0.119244,1
382,1,67,63,61.995063,1.404855,0.0,0.0,0.532484,0.124049,0
383,1,41,41,29.521743,0.215667,0.044674,0.0,0.527218,0.087807,0
384,0,29,29,10.644577,0.0,0.0,0.0,0.542096,0.130399,1
385,1,41,41,64.172558,0.470853,0.049079,0.0,0.513232,0.116563,1
386,1,55,54,15.792575,0.009293,0.0,0.0,0.508011,0.086738,0
387,1,52,43,158.085764,2.554669,0.079543,0.006198,0.506789,0.147722,1
388,1,53,53,102.700984,1.716886,0.056189,0.0,0.554264,0.101452,0
389,1,47,46,44.458331,0.194287,0.0,0.0,0.502472,0.082811,1
390,1,72,71,17.806279,0.010622,0.0,0.0,0.508897,0.110768,1
391,1,46,44,72.12952,8.237633,3.590449,0.136501,0.537377,0.104293,0
392,1,32,32,15.49109,0.00474,0.0,0.0,0.54934,0.118506,1
393,1,71,71,54.611185,7.571765,6.620885,0.0,0.484263,0.107357,0
394,1,59,55,32.349761,1.346498,0.116819,0.001537,0.529271,0.129116,1
395,1,57,56,11.42026,0.009323,0.0,0.0,0.523667,0.105657,1
396,1,64,63,52.339677,0.673435,0.016836,0.0,0.536685,0.099485,1
397,1,63,63,13.558211,0.051511,0.0,0.0,0.552941,0.112387,1
398,1,11,10,48.767678,0.03631,0.0,0.0,0.55137,0.08982,1
399,1,61,50,75.082758,11.009241,8.310988,1.102666,0.487558,0.106577,1
400,1,50,49,73.372591,6.870367,3.106912,0.158691,0.478344,0.108905,0
401,1,41,41,7.538434,0.012556,0.003139,0.003139,0.53843,0.125562,0
402,1,46,44,21.316831,0.764312,0.515644,0.382919,0.557705,0.085432,1
403,1,7,6,31.601244,0.029958,0.0,0.0,0.52185,0.119831,1
404,1,31,26,77.675799,5.457218,3.843096,0.992983,0.546952,0.11103,1
405,1,29,28,55.449801,0.215924,0.0,0.0,0.532954,0.091427,0
406,1,4,4,30.137823,0.093713,0.001053,0.0,0.523821,0.106349,0
407,1,11,11,124.114923,7.706053,1.116583,0.003056,0.480642,0.111047,0
408,1,97,88,20.800481,0.216976,0.009233,0.001539,0.555425,0.112335,1
409,1,47,45,93.843603,1.388255,0.051812,0.0,0.504487,0.103624,1
410,0,18,17,45.584834,0.067563,0.009516,0.006661,0.545007,0.106578,0
411,1,59,58,14.64489,0.018507,0.0,0.0,0.51213,0.129546,1
412,1,22,21,44.249119,0.129914,0.035702,0.000992,0.503204,0.091237,0
413,1,68,68,21.057006,0.138084,0.0,0.0,0.573077,0.09523,1
414,1,20,19,260.623387,2.931486,0.5793,0.01029,0.507941,0.101866,1
415,0,51,51,13.222005,0.735234,0.041185,0.0,0.514705,0.135759,1
416,1,19,19,87.42015,2.100776,0.041211,0.00785,0.575847,0.074572,0
417,1,71,67,85.852437,0.337741,0.115665,0.026217,0.475689,0.120291,1
418,1,4,4,38.762337,0.002871,0.000957,0.0,0.509845,0.122475,0
419,1,67,66,24.097003,0.950377,0.091236,0.0,0.469199,0.097319,1
420,1,57,55,39.299701,1.32613,0.181957,0.033924,0.520974,0.100231,1
421,1,28,27,7.543326,0.0,0.0,0.0,0.507455,0.134756,1
422,1,43,43,29.329483,0.010936,0.0,0.0,0.547384,0.118737,0
423,1,33,32,6.193941,0.0,0.0,0.0,0.517101,0.08457,1
424,1,20,18,122.648415,2.526427,0.049578,0.0,0.506159,0.122913,1
425,1,33,31,111.424802,1.964528,0.041132,0.003917,0.549137,0.094995,0
426,1,20,20,76.019628,0.31935,0.00102,0.0,0.499038,0.113252,0
427,1,51,51,67.901042,6.72078,1.535258,0.033742,0.488149,0.1319,0
428,1,10,9,189.471852,1.752501,0.0,0.0,0.491235,0.119775,1
429,1,13,12,27.037522,0.021182,0.003026,0.0,0.51248,0.084729,1
430,1,24,23,8.917154,0.294744,0.142027,0.05956,0.565303,0.099266,1
431,1,9,9,60.499827,0.24095,0.005083,0.0,0.558635,0.138267,1
432,1,25,23,54.625981,0.16243,0.011672,0.0,0.517036,0.101154,0
433,1,16,16,46.689999,0.041987,0.0,0.0,0.555134,0.083021,0
434,1,54,50,24.130569,0.174646,0.04173,0.009273,0.545656,0.095824,1
435,1,76,75,24.456541,0.123088,0.0,0.0,0.490539,0.094683,1
436,1,8,8,114.22329,0.217411,0.004064,0.0,0.569023,0.09753,0
437,1,4,4,36.778066,0.01467,0.005868,0.005868,0.554725,0.094864,1
438,1,15,14,55.232156,0.012209,0.0,0.0,0.492356,0.11802,1
439,1,2,2,61.802502,0.014541,0.0,0.0,0.521507,0.11321,0
440,1,65,64,40.636744,0.059877,0.0,0.0,0.541392,0.09519,0
441,1,17,16,57.670366,2.908021,1.016608,0.458777,0.502437,0.103225,1
442,1,70,70,9.952095,0.017073,0.0,0.0,0.559897,0.083814,1
443,1,58,56,55.49333,0.242206,0.007813,0.0,0.481104,0.114071,1
444,1,13,12,29.245498,0.017305,0.000961,0.0,0.496614,0.099985,0
445,1,39,39,7.783682,0.0,0.0,0.0,0.572946,0.148202,0
446,1,45,40,182.146473,17.139005,7.394142,1.852643,0.558753,0.098589,1
447,1,18,17,10.326223,0.014824,0.003953,0.003953,0.513215,0.113649,0
448,1,18,18,232.089075,5.094865,0.0,0.0,0.533204,0.10642,1
449,1,16,16,18.51048,0.005714,0.003809,0.003809,0.518321,0.123803,1
450,1,36,31,104.319698,1.932381,0.477934,0.185806,0.518568,0.102193,1
451,1,7,6,65.152426,0.410742,0.037617,0.0,0.487232,0.123019,1
452,1,14,12,152.214876,3.410646,0.0,0.0,0.510366,0.175243,0
453,1,47,46,54.523039,1.533354,0.064986,0.0,0.568326,0.133066,0
454,1,40,39,68.518487,0.980222,0.017224,0.0,0.488498,0.134663,1
455,1,57,57,34.0425,0.378148,0.013835,0.0,0.512012,0.1199,0
456,1,18,18,215.301777,6.803703,0.536596,0.008192,0.541905,0.108548,1
457,1,41,41,48.451335,2.700556,0.291161,0.0,0.482603,0.123243,0
458,1,24,24,53.477413,0.286321,0.036945,0.0,0.535365,0.10365,0
459,1,56,53,38.890039,0.949479,0.049404,0.0,0.503985,0.09572,0
460,1,29,28,14.479479,0.253122,0.013641,0.004547,0.529283,0.097005,0
461,1,59,57,71.853392,1.019606,0.056139,0.0,0.483102,0.098623,0
462,1,41,41,9.504083,0.0,0.0,0.0,0.523743,0.129145,0
463,1,15,15,94.487226,1.685215,0.174232,0.0,0.486425,0.100668,0
464,1,59,58,52.85674,0.338953,0.0,0.0,0.483067,0.092023,0
465,1,51,51,51.083367,1.156951,0.08417,0.0,0.485365,0.110186,0
466,1,8,7,17.995589,0.013359,0.003817,0.003817,0.515668,0.094468,1
467,1,59,57,50.2553,4.267279,1.945694,0.041594,0.523895,0.132486,0
468,1,13,13,84.236507,0.773484,0.015626,0.0,0.515235,0.109382,0
469,1,11,10,105.038461,2.422403,0.006799,0.003885,0.512578,0.096158,0
470,1,22,21,46.886285,0.401536,0.011296,0.0,0.528378,0.075994,1
471,1,20,16,162.739596,2.293433,0.174826,0.001034,0.497276,0.130344,1
472,1,58,56,40.989728,0.724718,0.057052,0.0,0.549593,0.092517,1
473,1,54,53,82.549069,3.206726,0.049028,0.0,0.479593,0.124102,0
474,1,81,70,19.120385,1.460802,0.638807,0.140913,0.561756,0.219199,1
475,1,41,37,105.589735,1.310235,0.17909,0.034995,0.571479,0.086457,1
476,1,14,14,38.413333,0.074587,0.010795,0.0,0.540083,0.102067,1
477,1,20,17,8.374425,0.174367,0.012524,0.00289,0.492307,0.083812,1
478,0,29,28,7.510261,0.0,0.0,0.0,0.508464,0.128564,1
479,1,20,18,210.665328,5.885352,0.536248,0.159536,0.50263,0.093663,1
480,1,39,39,65.857616,0.937597,0.256983,0.0,0.546121,0.101236,0
481,1,31,29,5.410485,0.0,0.0,0.0,0.53432,0.13538,0
482,1,44,42,13.803221,0.0,0.0,0.0,0.547516,0.088752,0
483,1,71,69,29.724271,0.8868,0.144399,0.00157,0.541977,0.102021,0
484,1,70,62,44.070624,3.762479,2.750538,0.078557,0.53077,0.088894,1
485,1,70,68,26.335311,0.474567,0.015819,0.0,0.547224,0.105987,1
486,1,17,16,64.715442,0.366479,0.00393,0.00393,0.517964,0.090392,1
487,1,10,9,17.352251,0.034891,0.0,0.0,0.497735,0.098857,0
488,1,65,65,43.717617,2.914811,0.095493,0.0,0.499204,0.115198,0
489,1,15,15,110.47939,1.097233,0.037361,0.005899,0.54068,0.079638,1
490,1,19,17,130.597124,7.33847,1.467897,0.00305,0.539752,0.097589,0
491,1,25,24,11.996646,0.003041,0.0,0.0,0.480592,0.135323,0
492,1,50,49,20.601354,0.016909,0.0,0.0,0.537795,0.127586,0
493,0,7,7,29.345362,0.0,0.0,0.0,0.565168,0.085707,1
494,1,50,46,47.453069,1.930289,0.599268,0.012324,0.488825,0.11554,1
495,1,3,3,63.514534,0.028138,0.0,0.0,0.520574,0.103174,0
496,1,14,14,21.240157,0.013254,0.0,0.0,0.521676,0.080544,1
497,1,43,38,129.531941,0.426639,0.097104,0.015495,0.57331,0.097104,1
498,1,19,17,254.289527,3.450104,0.815555,0.198378,0.574453,0.130153,1
499,1,61,49,129.53744,1.173895,0.121684,0.020451,0.545238,0.09612,1
500,1,2,2,99.75866,4.718721,0.590341,0.0,0.544725,0.104237,0
501,1,44,44,143.889246,6.031329,1.200331,0.248662,0.530957,0.103353,1
502,1,64,63,39.164755,0.245682,0.004607,0.0,0.481664,0.079847,1
503,1,31,30,151.929514,5.77716,0.830556,0.002041,0.516652,0.108156,0
504,1,47,46,99.177049,7.283476,1.372977,0.001522,0.562536,0.123294,0
505,1,63,58,26.038897,1.314482,0.422067,0.147957,0.504429,0.109021,1
506,1,86,82,30.683894,3.787403,2.265448,1.601018,0.499707,0.101869,1
507,0,47,46,151.742425,8.511975,0.772705,0.013235,0.497997,0.126239,1
508,0,73,68,18.018384,1.336362,0.642571,0.426829,0.493545,0.103991,1
509,1,12,11,175.634291,0.447932,0.023468,0.002041,0.508804,0.101014,1
510,1,44,43,17.214795,0.143139,0.0,0.0,0.529672,0.128825,0
511,1,90,74,113.300364,9.321769,3.882864,1.168066,0.483435,0.123118,1
512,1,61,61,7.764752,0.0,0.0,0.0,0.484182,0.098269,0
513,1,47,43,116.663054,9.198188,5.534111,0.151985,0.544318,0.096531,1
514,1,20,17,34.886057,0.748256,0.135399,0.0,0.555413,0.097731,0
515,1,52,52,18.448076,0.020071,0.0,0.0,0.510618,0.088002,0
516,1,36,30,28.421534,1.044188,0.341661,0.078845,0.472958,0.095018,1
517,0,35,35,34.962225,0.68177,0.012284,0.0,0.516941,0.098273,1
518,1,41,41,19.668175,0.252373,0.010772,0.0,0.50182,0.115415,0
519,1,52,52,12.85432,0.001576,0.0,0.0,0.545232,0.107185,0
520,1,26,26,60.86373,2.649828,0.603659,0.097997,0.545879,0.117596,1
521,0,67,62,12.144417,0.053743,0.0,0.0,0.527866,0.099809,1
522,1,69,66,41.585991,0.083274,0.006168,0.0,0.507812,0.127995,1
523,1,21,21,54.024017,1.589508,0.003853,0.001927,0.418117,0.120417,0
524,1,21,20,59.628898,1.105663,0.142101,0.003893,0.555043,0.081757,1
525,1,17,17,33.380069,0.868929,0.035046,0.0,0.56703,0.093799,0
526,0,90,86,6.348365,0.0,0.0,0.0,0.495467,0.123818,1
527,1,18,18,74.204722,0.271217,0.003847,0.003847,0.545294,0.090406,1
528,1,38,38,14.20962,0.003139,0.0,0.0,0.518991,0.138125,1
529,1,17,16,27.013234,0.027729,0.0,0.0,0.539403,0.098043,1
530,0,10,10,101.291533,1.649342,0.0,0.0,0.569019,0.106579,0
531,1,55,52,40.038541,1.759265,0.311536,0.0,0.48688,0.126753,0
532,1,19,17,97.439931,1.765179,0.135227,0.0,0.524162,0.093936,1
533,1,4,4,75.028331,0.087723,0.003856,0.002892,0.484612,0.115679,0
534,0,61,59,34.052857,2.007278,0.178699,0.016946,0.528231,0.15251,1
535,1,15,14,35.933865,0.307743,0.017497,0.0,0.515003,0.119392,0
536,1,19,18,67.000639,1.299765,0.185681,0.0,0.554494,0.101372,1
537,1,71,70,39.332345,0.470356,0.0,0.0,0.518934,0.080988,0
538,1,4,4,81.52601,1.330601,0.240261,0.0,0.485557,0.102824,1
539,1,38,32,69.50377,5.937161,3.242952,0.681804,0.536498,0.099021,1
540,1,45,44,17.444345,0.140201,0.0,0.0,0.540019,0.109722,0
541,1,56,51,3.557701,0.298131,0.151359,0.0,0.523933,0.087146,1
542,0,19,17,137.030933,0.567083,0.184118,0.016834,0.548436,0.095741,1
543,1,85,84,42.682998,1.231633,0.053413,0.0,0.501021,0.106825,0
544,1,41,40,7.740693,0.0,0.0,0.0,0.518948,0.093656,1
545,1,35,32,3.203759,0.0,0.0,0.0,0.545851,0.102313,1
546,1,8,8,46.633368,0.070812,0.0,0.0,0.516953,0.172412,0
547,1,13,12,48.546062,0.075935,0.0,0.0,0.493149,0.142994,1
548,1,24,24,61.474413,0.830872,0.099421,0.02029,0.477519,0.120725,0
549,1,43,42,29.584628,0.516803,0.143499,0.032235,0.577148,0.123742,1
550,1,59,58,43.432426,1.854915,0.163532,0.0,0.540783,0.126153,0
551,1,68,64,66.751648,3.378666,0.558174,0.007796,0.50605,0.101344,1
552,1,69,68,24.846639,0.204864,0.053509,0.0,0.523088,0.122307,1
553,1,22,19,5.468078,0.0,0.0,0.0,0.546808,0.174054,1
554,1,13,13,129.327096,2.405554,0.337962,0.006126,0.512809,0.116398,0
555,1,42,40,50.599604,1.45704,0.201506,0.0,0.541021,0.111603,0
556,1,27,26,12.892454,0.090233,0.003111,0.0,0.56742,0.136906,0
557,1,24,22,61.786898,0.476479,0.02205,0.006711,0.479665,0.075738,0
558,1,23,23,109.591553,6.029095,1.63296,0.028783,0.52206,0.097862,0
559,1,14,13,105.364729,0.50003,0.003906,0.003906,0.498189,0.107428,0
560,1,99,94,31.648833,0.173352,0.021289,0.013686,0.520957,0.09732,1
561,1,26,26,163.489683,6.53305,0.256523,0.0,0.538825,0.094127,1
562,1,94,83,22.568542,0.051116,0.0,0.0,0.526687,0.091389,1
563,1,25,24,98.889715,3.682002,0.41385,0.0126,0.521144,0.084321,0
564,1,73,71,18.317263,0.001532,0.0,0.0,0.48256,0.136364,1
565,1,14,14,91.019304,0.587482,0.095895,0.009085,0.524169,0.101951,0
566,1,53,51,63.032637,3.743636,0.397829,0.0,0.533029,0.111889,0
567,1,11,11,13.082938,0.009814,0.003926,0.003926,0.513403,0.105009,1
568,1,29,27,133.231946,1.553071,0.311017,0.006039,0.552687,0.091594,1
569,1,13,13,0.349274,0.0,0.0,0.0,0.567809,0.175413,0
570,1,14,13,68.002805,1.196826,0.610773,0.179215,0.518665,0.093727,1
571,1,3,3,274.762544,1.487736,0.0,0.0,0.521135,0.116645,0
572,0,48,42,66.675091,2.296426,1.343501,0.463171,0.519109,0.09611,1
573,1,44,41,9.67831,0.0,0.0,0.0,0.50983,0.102749,1
574,1,46,45,16.42589,0.007669,0.0,0.0,0.515756,0.116572,1
575,1,130,110,88.463524,8.0165,4.467041,1.708253,0.524378,0.096694,1
576,1,65,51,208.147846,6.437186,0.284202,0.00203,0.518021,0.085261,1
577,0,18,18,5.299129,0.0,0.0,0.0,0.52749,0.11823,0
578,1,3,3,68.804317,0.317255,0.005253,0.0,0.558956,0.111354,0
579,1,19,19,66.900142,1.621016,0.155301,0.0,0.494315,0.112669,0
580,1,42,41,67.789719,1.276689,0.108427,0.004581,0.470641,0.109954,0
581,1,34,31,72.223315,2.564989,0.052378,0.0,0.528843,0.092432,0
582,1,48,48,36.899066,0.442008,0.001562,0.0,0.535665,0.093712,0
583,1,19,19,112.326062,0.775524,0.003967,0.000992,0.497346,0.096197,0
584,1,46,46,55.183468,5.22241,1.247833,0.024649,0.492494,0.112459,0
585,1,86,83,16.894319,2.655733,1.235297,0.626983,0.575575,0.105794,1
586,1,45,44,32.786563,1.06911,0.016946,0.001541,0.516648,0.110916,0
587,1,16,13,66.667356,1.204027,0.101154,0.00491,0.556169,0.087405,1
588,1,87,82,29.970704,0.136958,0.006155,0.0,0.544347,0.10772,1
589,1,81,76,46.370746,3.334121,2.1173,0.817478,0.531103,0.093963,1
590,1,8,8,265.056535,5.101627,0.0,0.0,0.491723,0.120623,0
591,1,63,62,36.052177,0.031145,0.0,0.0,0.552828,0.146383,1
592,1,44,43,41.943178,0.435798,0.036055,0.0,0.563045,0.13795,0
593,1,47,38,110.619574,4.482978,0.623373,0.170382,0.493339,0.116308,1
594,1,67,56,21.334586,9.454719,7.762613,1.878421,0.559297,0.114538,1
595,1,81,60,71.199165,0.859064,0.109317,0.012375,0.520584,0.102098,1
596,1,61,61,15.176955,0.12615,0.0,0.0,0.561448,0.101232,1
597,1,22,20,193.715914,3.154603,1.146845,0.329601,0.568804,0.120611,1
598,1,20,19,40.869053,0.087234,0.003877,0.003877,0.481385,0.098865,0
599,1,42,41,13.805965,0.011035,0.0,0.0,0.517104,0.100889,0
600,1,52,52,77.567631,2.124275,0.060077,0.0,0.520946,0.092427,0
601,1,3,3,60.913407,0.123999,0.00205,0.0,0.552365,0.108628,0
602,1,47,46,54.135774,2.020974,0.315922,0.0,0.526942,0.096016,0
603,1,16,16,4.29988,0.0,0.0,0.0,0.505919,0.128424,0
604,0,70,65,18.463202,0.094366,0.026299,0.007735,0.514124,0.095913,1
605,1,13,13,126.937632,4.205466,0.711158,0.006148,0.493168,0.111695,0
606,1,11,11,62.554128,1.817784,0.143891,0.0,0.571589,0.08385,0
607,1,42,38,111.331612,4.810738,1.349973,0.269182,0.5453,0.077199,1
608,1,11,11,31.657567,0.207526,0.0,0.0,0.52008,0.097052,0
609,1,6,6,67.222908,0.148482,0.01246,0.0,0.562787,0.104872,1
610,0,23,23,10.902544,0.0,0.0,0.0,0.556941,0.093038,1
611,1,34,34,18.248935,0.095209,0.0,0.0,0.569702,0.11706,0
612,1,20,20,8.342012,0.0,0.0,0.0,0.530497,0.111247,0
613,1,51,51,17.525446,0.0,0.0,0.0,0.565561,0.099917,0
614,1,15,15,92.528963,2.668823,0.166675,0.009091,0.534561,0.100005,0
615,1,60,57,26.723328,0.075423,0.0,0.0,0.48657,0.081708,1
616,1,37,36,11.62947,0.058347,0.0,0.0,0.499905,0.112088,0
617,0,62,61,43.40315,2.084741,0.1783,0.0,0.473414,0.109723,0
618,1,20,18,143.282037,5.384203,0.236986,0.015414,0.513881,0.088629,0
619,1,29,29,10.921282,0.0,0.0,0.0,0.498399,0.144895,1
620,1,18,18,119.103903,0.964972,0.004093,0.0,0.492274,0.134052,1
621,1,60,55,22.383646,0.031933,0.001521,0.0,0.538562,0.114047,1
622,1,48,47,78.633267,0.692325,0.001552,0.0,0.503014,0.113318,0
623,1,13,12,101.64826,3.244811,0.456699,0.012713,0.520729,0.089971,0
624,1,16,13,147.200333,5.912307,0.150386,0.001928,0.47725,0.088689,0
625,1,10,10,46.834688,0.011712,0.001952,0.001952,0.540532,0.096623,1
626,1,15,14,35.411478,0.335253,0.016145,0.0,0.481729,0.109218,0
627,1,68,64,66.751648,3.378666,0.558174,0.007796,0.50605,0.101344,1
628,1,23,20,128.776696,9.673157,1.462451,0.003116,0.485478,0.104906,1
629,1,26,25,14.119144,0.022983,0.0,0.0,0.550185,0.122575,1
630,0,17,16,156.480074,1.772876,0.590618,0.144078,0.478611,0.116489,1
631,1,27,23,227.312144,15.222959,0.92185,0.002983,0.490459,0.093478,1
632,1,9,9,42.862492,0.462347,0.014513,0.0,0.51906,0.109885,0
633,1,6,5,39.54425,0.184942,0.042599,0.021819,0.551708,0.110134,1
634,1,7,7,219.122118,2.72422,0.089067,0.009214,0.56565,0.098281,0
635,1,26,26,18.197432,0.007678,0.0,0.0,0.514848,0.110557,0
636,1,30,30,17.351666,0.110878,0.0,0.0,0.510996,0.106321,0
637,0,51,49,14.615942,0.520623,0.275714,0.195619,0.512218,0.095499,1
638,1,6,6,47.062703,0.244024,0.01743,0.0,0.52922,0.108683,0
639,1,41,40,154.247519,5.449273,0.34058,0.007785,0.517214,0.081739,1
640,1,17,16,73.076702,0.142793,0.006893,0.005909,0.553535,0.087646,0
641,1,13,12,110.729452,1.468609,0.042136,0.0,0.485798,0.108938,0
642,1,5,5,38.096555,0.120212,0.003909,0.003909,0.537248,0.099688,0
643,1,53,50,48.811069,2.439939,0.173514,0.0,0.487553,0.087525,0
644,1,53,51,49.958494,4.203783,1.294784,0.020158,0.487791,0.12095,0
645,1,42,35,102.089347,6.071522,2.99429,0.932304,0.534988,0.116538,1
646,1,42,38,96.779744,0.520306,0.01152,0.00288,0.540223,0.090238,1
647,1,17,17,79.041087,2.141957,0.44003,0.0,0.519271,0.113326,0
648,1,86,84,33.240147,0.006363,0.0,0.0,0.549771,0.103398,1
649,1,86,79,12.236437,0.748112,0.54242,0.0,0.533741,0.103608,1
650,1,66,63,13.180516,0.058009,0.0,0.0,0.550484,0.119153,1
651,1,54,51,27.522474,0.42715,0.129101,0.036658,0.503397,0.132289,1
652,1,24,23,175.249663,4.756854,0.006863,0.005882,0.556006,0.097059,1
653,1,30,26,43.192408,0.033663,0.0,0.0,0.504942,0.11833,1
654,1,62,61,13.410038,0.0,0.0,0.0,0.483718,0.090298,0
655,1,57,55,53.436893,6.679998,2.058713,0.075733,0.519501,0.105099,0
656,1,29,26,189.429937,2.580614,0.025972,0.0,0.49087,0.104928,1
657,1,29,29,12.990835,0.0,0.0,0.0,0.532484,0.099025,0
658,1,37,35,60.43486,0.544623,0.008144,0.0,0.490244,0.107907,1
659,1,51,51,14.720819,0.007702,0.0,0.0,0.548588,0.100131,0
660,1,80,68,89.448552,2.305012,1.243096,0.39457,0.534823,0.101662,1
661,1,9,9,201.455265,1.409779,0.003089,0.0,0.579822,0.091651,0
662,1,18,17,175.012818,2.08117,0.15336,0.002059,0.494051,0.093663,1
663,0,15,13,60.215769,2.423283,0.297936,0.0,0.484838,0.148968,1
664,1,2,2,9.066072,0.0,0.0,0.0,0.578103,0.132518,0
665,1,12,9,114.678102,1.193682,0.015745,0.0,0.551971,0.085614,0
666,1,10,10,30.710516,0.002942,0.000981,0.0,0.552345,0.104935,0
667,0,27,27,10.707966,0.074913,0.009173,0.004587,0.506331,0.107019,0
668,1,50,50,13.294051,0.064699,0.0,0.0,0.482103,0.100129,1
669,1,79,70,44.589075,4.496892,2.129941,0.040809,0.51273,0.100454,1
670,1,28,24,223.013915,7.614333,0.947343,0.080603,0.490747,0.105726,1
671,1,50,50,8.205954,0.039098,0.0,0.0,0.541988,0.08758,1
672,1,5,5,52.611687,0.001026,0.0,0.0,0.536534,0.101589,0
673,1,39,37,315.233452,33.2982,0.017591,0.003909,0.468978,0.07916,0
674,1,4,4,77.651178,0.0,0.0,0.0,0.507693,0.106421,1
675,1,15,14,66.447502,1.533939,0.094144,0.0,0.506241,0.101308,1
676,1,8,8,38.343594,0.514445,0.045091,0.0,0.572767,0.093256,0
677,1,56,56,52.972626,1.110534,0.041819,0.0,0.517072,0.128556,0
678,1,36,26,159.743211,2.912254,1.238687,0.526597,0.543101,0.114388,1
679,1,4,4,86.59211,0.24433,0.003106,0.0,0.546505,0.102494,1
680,1,65,65,11.103445,0.129273,0.076318,0.035823,0.543196,0.096565,1
681,1,51,48,53.790614,3.480913,0.696815,0.0,0.583323,0.102705,0
682,1,40,38,33.526691,15.376646,13.438483,0.374559,0.530879,0.128657,1
683,1,10,9,29.326201,3.333569,2.519605,0.131911,0.513475,0.093054,1
684,1,52,51,22.034077,0.082817,0.0,0.0,0.50783,0.142196,1
685,1,15,14,54.572203,0.436569,0.001035,0.0,0.547568,0.10966,0
686,1,40,37,112.305125,4.703961,1.463454,0.253569,0.565504,0.092113,1
687,1,67,67,47.154365,2.592155,0.399862,0.0,0.486967,0.129685,1
688,1,48,47,24.40673,0.151633,0.004642,0.0,0.526188,0.117593,0
689,1,28,24,69.53606,0.447746,0.002021,0.0,0.508188,0.110168,1
690,1,23,22,28.872984,1.083752,0.553848,0.142626,0.523488,0.09786,1
691,1,46,45,118.278913,8.608077,1.7858,0.003071,0.53079,0.098273,0
692,1,44,41,137.877736,2.66342,0.257193,0.001017,0.487769,0.11284,1
693,1,33,29,126.323687,6.328499,1.217902,0.0,0.546382,0.108536,0
694,1,30,30,1.259315,0.0,0.0,0.0,0.539694,0.123918,0
695,1,9,9,59.255463,0.127911,0.0,0.0,0.488297,0.087305,0
696,1,20,20,77.682623,1.32062,0.061352,0.0,0.520033,0.128942,1
697,1,50,45,105.170765,7.775036,2.036927,0.471709,0.568779,0.106186,1
698,1,15,15,105.937752,1.45948,0.145119,0.03006,0.51675,0.104693,0
699,1,16,13,234.001284,7.717726,0.156663,0.002061,0.50326,0.122651,1
700,1,26,25,75.744359,0.747557,0.067385,0.014741,0.557738,0.114766,1
701,0,31,29,67.365808,1.124267,0.13179,0.0,0.475172,0.100363,0
702,0,51,47,15.213796,0.0,0.0,0.0,0.48545,0.135686,1
703,0,40,40,18.12479,0.027851,0.007736,0.001547,0.521101,0.125329,1
704,1,56,54,39.299701,1.32613,0.181957,0.033924,0.520974,0.100231,1
705,1,49,49,53.988361,1.869627,0.066168,0.0,0.487796,0.124642,0
706,1,69,65,35.255608,5.879959,4.293759,0.147905,0.529568,0.150923,1
707,1,19,19,34.785186,0.262251,0.042737,0.0,0.53076,0.103929,1
708,1,33,32,6.193941,0.0,0.0,0.0,0.517101,0.08457,1
709,1,9,9,93.2487,0.885067,0.008611,0.003827,0.507358,0.111949,0
710,1,27,26,10.176048,0.020191,0.0,0.0,0.530395,0.136675,1
711,1,17,17,12.559245,0.0,0.0,0.0,0.504335,0.145826,0
712,1,5,5,75.073968,1.049306,0.118503,0.00709,0.551169,0.102297,0
713,1,59,56,26.723328,0.075423,0.0,0.0,0.48657,0.081708,1
714,1,30,29,22.729159,0.064237,0.013836,0.001977,0.551606,0.10278,0
715,1,29,28,189.752152,4.696562,0.730099,0.106345,0.494069,0.121683,1
716,1,42,42,66.538689,2.557157,0.250611,0.0,0.497062,0.120664,0
717,1,48,48,87.734071,11.174429,3.672318,0.215741,0.511997,0.102359,0
718,1,12,12,77.349481,0.263875,0.003909,0.003909,0.522511,0.089913,0
719,1,37,37,56.663568,1.174414,0.157301,0.003054,0.508829,0.106904,0
720,1,41,41,13.584697,0.010691,0.0,0.0,0.537812,0.091634,1
721,1,46,46,13.613731,0.0,0.0,0.0,0.55301,0.100682,1
722,1,9,9,23.399496,0.054538,0.00287,0.001914,0.544008,0.09281,0
723,1,15,13,174.865962,4.173555,0.007006,0.004003,0.551164,0.099084,1
724,1,40,40,20.465109,0.114235,0.057118,0.0,0.532226,0.100342,0
725,1,8,6,5.195164,0.0,0.0,0.0,0.539724,0.110469,1
726,1,18,18,168.18385,3.910731,0.065341,0.0,0.532806,0.096549,0
727,0,17,16,2.794739,0.0,0.0,0.0,0.565973,0.127248,1
728,1,15,13,172.065338,1.352898,0.177798,0.008175,0.537727,0.077659,1
729,1,73,71,39.947551,2.175708,0.419601,0.023311,0.5458,0.099461,1
730,1,83,77,29.528231,1.022524,0.676603,0.385542,0.493949,0.109719,1
731,1,36,35,11.10225,0.0,0.0,0.0,0.519717,0.110886,1
732,1,55,55,39.61442,0.356969,0.001526,0.0,0.491415,0.122041,0
733,1,21,21,22.696828,0.034383,0.00393,0.00393,0.534833,0.090379,1
734,1,75,66,105.699915,3.289318,0.530698,0.006065,0.492917,0.097042,1
735,1,48,47,44.163054,0.047601,0.016891,0.0,0.523308,0.112093,0
736,1,86,84,27.343407,0.360237,0.009439,0.0,0.522059,0.100678,0
737,1,47,47,43.506921,0.681379,0.04054,0.0,0.544724,0.124738,0
738,1,16,9,200.994099,2.657777,0.517314,0.108908,0.578737,0.087964,1
739,0,20,20,72.678748,2.235713,0.065284,0.0,0.526396,0.084367,0
740,1,45,44,18.311719,0.010855,0.0,0.0,0.526183,0.108546,1
741,0,15,14,62.799716,1.75752,0.18966,0.0,0.537268,0.122226,0
742,1,26,25,7.578417,0.003084,0.0,0.0,0.491208,0.148052,1
743,1,2,2,69.308275,0.001021,0.0,0.0,0.485357,0.135802,0
744,1,12,12,102.516449,0.700273,0.0,0.0,0.487112,0.112914,0
745,1,11,11,73.975723,0.779589,0.121811,0.0,0.475377,0.11775,1
746,1,53,53,27.601364,0.505236,0.115309,0.0,0.548946,0.097102,0
747,1,40,40,26.245779,0.104302,0.007669,0.0,0.512211,0.124242,0
748,1,12,12,168.802033,0.113174,0.0,0.0,0.516734,0.128468,1
749,1,15,15,7.811874,0.0,0.0,0.0,0.509341,0.128691,0
750,1,18,13,61.611911,0.409181,0.087237,0.0,0.555732,0.087237,1
751,1,60,60,25.722662,0.032106,0.0,0.0,0.536798,0.099374,0
752,1,56,54,61.390836,0.424877,0.009203,0.0,0.554045,0.110437,0
753,1,33,32,17.857563,0.0,0.0,0.0,0.517217,0.109128,1
754,1,3,3,39.119696,0.0,0.0,0.0,0.496211,0.101077,0
755,1,40,39,11.941383,0.140175,0.0,0.0,0.565159,0.109025,0
756,1,39,38,15.055103,0.229531,0.00154,0.0,0.515959,0.1294,0
757,1,67,67,33.558224,0.057248,0.001547,0.0,0.553512,0.092835,1
758,1,21,21,49.375783,0.875264,0.321924,0.085367,0.575093,0.091538,0
759,1,44,42,59.167495,0.325984,0.012575,0.000967,0.54291,0.093829,1
760,1,53,53,53.721577,0.971597,0.098702,0.0,0.474261,0.100244,0
761,1,47,46,13.216983,0.0,0.0,0.0,0.500146,0.12801,0
762,1,66,63,16.189792,0.266422,0.020137,0.0,0.49111,0.133211,1
763,1,35,35,32.320564,0.185431,0.0,0.0,0.481081,0.08808,1
764,1,44,33,270.005461,8.046862,0.722888,0.064416,0.525313,0.116562,1
765,1,28,28,6.04197,0.0,0.0,0.0,0.552432,0.135313,0
766,0,54,54,20.255732,0.169272,0.0,0.0,0.546574,0.110796,0
767,1,53,53,8.030835,0.0,0.0,0.0,0.544477,0.105099,0
768,1,48,47,29.421458,0.160706,0.006122,0.0,0.556058,0.111729,1
769,1,2,2,8.265705,0.0,0.0,0.0,0.511413,0.130954,0
770,1,19,17,47.277389,0.069671,0.001963,0.0,0.574094,0.097147,1
771,1,15,15,143.227303,9.478575,0.421132,0.005186,0.526085,0.113062,0
772,1,14,12,46.085371,0.032247,0.005863,0.003909,0.541188,0.099672,1
773,1,58,57,5.926543,0.0,0.0,0.0,0.552082,0.099241,1
774,1,28,25,72.636098,1.530209,0.146931,0.0,0.554477,0.073465,1
775,1,21,20,35.746604,7.806147,6.151925,0.704032,0.551104,0.092183,1
776,1,29,29,38.133694,1.070864,0.310141,0.002926,0.539224,0.114108,0
777,1,57,57,12.762059,0.0,0.0,0.0,0.505128,0.117428,0
778,1,16,14,51.677028,0.051266,0.003869,0.003869,0.558333,0.084154,0
779,1,67,58,153.945222,4.578731,1.403556,0.457258,0.542667,0.106625,1
780,1,75,68,14.117808,0.226252,0.064207,0.0,0.54633,0.114655,1
781,1,26,23,334.706269,2.665168,0.642385,0.034302,0.521874,0.089393,1
782,1,42,42,21.612661,0.274757,0.128841,0.066749,0.541183,0.099347,1
783,1,51,50,23.231395,2.03551,0.248836,0.0,0.558956,0.103553,0
784,1,45,45,33.109097,0.183784,0.0,0.0,0.52644,0.087219,1
785,1,47,47,37.987088,0.392235,0.068948,0.0,0.550887,0.114913,0
786,1,43,41,58.221655,4.051579,2.008714,0.0,0.543169,0.099349,1
787,1,6,6,190.849287,3.477003,0.0,0.0,0.508759,0.103653,0
788,1,70,69,17.353282,1.011468,0.565684,0.0,0.551115,0.095305,1
789,1,14,13,42.21873,0.2129,0.001953,0.0,0.573369,0.077152,1
790,1,21,21,403.939108,33.234183,4.388584,0.037268,0.49202,0.084609,0
791,1,14,13,30.861313,1.848941,0.873642,0.054351,0.536521,0.096624,0
792,1,52,52,39.970623,0.514676,0.108433,0.0,0.495352,0.102324,0
793,1,51,50,123.138147,1.068787,0.0,0.0,0.504307,0.111526,1
794,1,25,23,65.464119,0.227093,0.003949,0.003949,0.511398,0.095774,0
795,1,34,34,51.733169,0.873245,0.064914,0.0,0.483298,0.125191,0
796,1,80,78,52.352379,3.400114,1.790807,0.137638,0.465424,0.130076,0
797,1,50,50,63.624194,4.446337,0.701647,0.0,0.552436,0.103547,0
798,1,16,14,172.476114,2.357988,0.007021,0.004012,0.529646,0.099294,1
799,1,68,65,38.832528,3.547889,0.896685,0.032635,0.511621,0.105675,1
800,1,84,81,34.56356,4.914235,2.524889,1.089075,0.519817,0.132391,1
801,1,8,8,56.855339,0.335777,0.003893,0.003893,0.561032,0.136257,0
802,1,20,19,27.481596,1.110242,0.65351,0.238205,0.519491,0.109781,1
803,1,5,5,106.52779,2.180248,0.051763,0.0,0.550975,0.10249,0
804,1,75,71,14.610978,0.20991,0.055159,0.0,0.494907,0.148623,1
805,1,40,40,10.448014,0.114914,0.0,0.0,0.521089,0.110318,1
806,1,36,32,159.901453,2.430988,0.072704,0.0,0.531522,0.144385,1
807,1,6,6,256.299365,3.261167,0.006204,0.0,0.51087,0.102364,1
808,1,35,31,234.413166,4.739869,0.164371,0.011372,0.555139,0.10958,1
809,1,88,87,40.464405,0.395387,0.184514,0.018606,0.550869,0.088381,1
810,1,15,13,92.212028,1.009878,0.0,0.0,0.492307,0.116642,1
811,1,50,46,55.903345,1.426168,0.088185,0.015204,0.469959,0.10643,1
812,1,60,59,24.852029,0.2666,0.131768,0.0,0.530468,0.116446,0
813,1,21,21,99.600673,1.667183,0.093551,0.000985,0.520187,0.090597,0
814,1,58,51,85.380624,8.628764,7.084008,0.845263,0.476745,0.13261,1
815,0,65,63,16.781292,0.479068,0.271987,0.132903,0.517156,0.10045,1
816,0,23,20,46.748151,0.264314,0.0,0.0,0.50642,0.118629,1
817,1,4,4,39.995428,0.232429,0.07851,0.0,0.533399,0.097104,0
818,1,11,10,48.748479,0.079412,0.00287,0.001914,0.547186,0.083239,0
819,1,2,2,175.245438,0.017743,0.0,0.0,0.520074,0.121068,0
820,1,27,23,136.026849,2.408879,0.05055,0.001032,0.49463,0.093879,1
821,1,42,42,51.544523,0.84852,0.265931,0.0,0.536004,0.099916,0
822,1,14,14,111.106623,1.38396,0.128928,0.010072,0.496427,0.096696,0
823,1,61,60,22.998348,0.010748,0.0,0.0,0.542038,0.090593,0
824,1,80,70,10.444347,0.03108,0.004662,0.0,0.499176,0.096347,1
825,1,18,18,42.741583,0.190322,0.01282,0.003944,0.549342,0.102557,0
826,1,35,34,12.291589,0.0,0.0,0.0,0.547669,0.099026,1
827,1,33,25,161.52881,6.17668,4.163427,1.51425,0.510175,0.092295,1
828,1,5,5,64.514041,0.032715,0.0,0.0,0.494875,0.121659,0
829,0,16,15,98.159745,3.517553,0.030811,0.0,0.49797,0.131459,0
830,1,98,92,21.449661,0.0,0.0,0.0,0.561563,0.099809,0
831,1,48,48,15.649595,0.101891,0.0,0.0,0.505156,0.087997,0
832,1,39,37,123.186574,9.220147,0.854882,0.145402,0.569552,0.109309,1
833,1,26,25,27.76374,0.251887,0.025796,0.0,0.554947,0.115322,1
834,1,73,70,43.873596,1.229496,0.119951,0.014205,0.548025,0.107324,1
835,1,23,23,114.954384,3.687997,0.267105,0.003885,0.52384,0.111699,1
836,1,41,41,8.709477,0.004672,0.0,0.0,0.525264,0.091892,0
837,1,29,29,40.022681,0.571905,0.090454,0.002918,0.496496,0.09629,0
838,1,23,23,11.276135,0.0,0.0,0.0,0.511507,0.122567,0
839,1,35,34,13.144525,0.027881,0.0,0.0,0.53342,0.130113,0
840,1,9,9,12.17193,0.012636,0.005832,0.005832,0.504977,0.101084,1
841,1,33,30,239.565587,7.438161,0.195876,0.0,0.534159,0.139472,1
842,1,26,23,102.084343,2.045439,0.014507,0.004836,0.478575,0.10058,0
843,1,7,7,36.224453,0.246696,0.163764,0.0,0.529593,0.119674,0
844,1,39,37,27.716587,0.476543,0.043182,0.0,0.529077,0.120292,0
845,1,17,15,256.79509,1.906777,0.060565,0.0,0.476528,0.089838,1
846,1,35,33,138.926392,2.452627,0.437712,0.038017,0.518562,0.086309,1
847,1,58,56,28.2992,0.069395,0.0,0.0,0.493961,0.144958,0
848,1,61,59,32.155976,1.426416,0.110909,0.0,0.515891,0.092424,0
849,1,62,60,8.482082,0.356753,0.14878,0.035195,0.513141,0.121584,1
850,1,99,90,34.359395,0.689643,0.283436,0.040924,0.543699,0.115193,1
851,1,10,9,127.514465,1.580281,0.066494,0.004156,0.53209,0.076884,0
852,1,20,19,106.963303,4.875341,0.55845,0.048516,0.523022,0.097032,0
853,1,38,37,12.620319,0.0,0.0,0.0,0.568055,0.107603,0
854,1,73,72,43.638265,0.923251,0.060212,0.0,0.536393,0.095722,1
855,0,4,4,102.063584,0.662088,0.180476,0.0,0.532014,0.096941,1
856,0,24,24,29.987426,0.207927,0.0,0.0,0.532245,0.09479,1
857,1,23,22,47.3263,7.371068,5.069121,1.354087,0.488392,0.106393,1
858,0,25,20,124.658601,1.371045,0.0,0.0,0.52483,0.131063,1
859,1,74,72,83.772137,2.221689,0.050279,0.0,0.523955,0.102129,1
860,1,7,6,31.073428,0.010051,0.0,0.0,0.531741,0.133682,1
861,1,49,48,35.549754,0.502111,0.087596,0.0,0.518605,0.117316,0
862,1,24,24,120.623689,1.350284,0.005901,0.003934,0.567974,0.092445,0
863,0,18,18,57.121644,0.716757,0.0,0.0,0.476693,0.128283,1
864,1,35,34,5.519072,0.0,0.0,0.0,0.498459,0.115806,1
865,0,67,56,24.609135,2.159855,1.668933,0.814138,0.515086,0.087411,1
866,1,2,2,238.433432,0.128182,0.002067,0.002067,0.494253,0.094069,0
867,1,7,7,50.624155,0.154969,0.006823,0.005848,0.498377,0.121831,0
868,1,42,38,188.842,4.22721,0.154783,0.001923,0.512692,0.093254,1
869,1,55,52,12.547447,0.047791,0.007708,0.0,0.527407,0.098665,1
870,1,30,30,89.588882,1.504418,0.028257,0.003897,0.551695,0.08477,0
871,0,31,24,20.080246,4.994701,3.647721,0.906701,0.554235,0.113991,1
872,0,66,65,17.693041,0.161405,0.058413,0.0,0.446304,0.127587,0
873,1,4,4,109.049009,0.878155,0.0,0.0,0.495529,0.075827,0
874,1,17,16,89.476597,2.848277,0.024414,0.0,0.493727,0.115966,0
875,0,34,34,13.632699,0.0,0.0,0.0,0.507159,0.116663,0
876,1,24,22,51.241067,0.441538,0.036385,0.003934,0.509862,0.092438,0
877,1,10,9,105.148084,0.168086,0.014091,0.0,0.476589,0.133865,1
878,1,35,31,142.902547,2.014328,0.003891,0.003891,0.526081,0.10699,1
879,1,31,27,97.33323,1.829976,0.206909,0.003904,0.523205,0.121998,1
880,1,79,77,28.783945,0.318805,0.091523,0.050338,0.549158,0.102201,1
881,1,55,55,22.539775,0.144181,0.0,0.0,0.495623,0.104301,1
882,1,12,11,29.358934,0.10525,0.005794,0.004828,0.512429,0.125527,0
883,1,59,59,10.363696,0.0,0.0,0.0,0.555459,0.112582,0
884,1,46,45,15.196175,0.0,0.0,0.0,0.546005,0.103103,1
885,1,43,43,15.701175,0.17001,0.0,0.0,0.485962,0.092733,0
